Workbook

Sheet 内容物一覧
A1: 内容物 | B1: 数 | C1: 単位 | D1: 用途 | E1: 製作メモ(案)
A2: 家事イベントカード | B2: =COUNTA(家事イベント!B2:B31) -> 30 | C2: 枚 | D2: 毎ラウンド1枚めくる | E2: ポーカーサイズ(63×88mm)を想定
A3: 約束カード | B3: =約束・行動カード!E2+約束・行動カード!E3+約束・行動カード!E4 -> 6 | C3: 枚 | D3: 1人3種類 | E3: プレイヤーごとに裏面の色を分ける
A4: 行動カード | B4: =約束・行動カード!E5+約束・行動カード!E6 -> 4 | C4: 枚 | D4: 1人2種類 | E4: プレイヤーごとに裏面の色を分ける
A5: 進行カード(思春期・巣立ち) | B5: =特殊カード!C2+特殊カード!C3 -> 2 | C5: 枚 | D5: 終盤の開始と終了 | E5: 家事カードと同じ裏面にする
A6: 役割カード(残業・実家ヘルプ) | B6: =特殊カード!C4+特殊カード!C5 -> 2 | C6: 枚 | D6: 各自1枚、1回だけ使う
A7: 早見表カード | B7: =特殊カード!C6 -> 2 | C7: 枚 | D7: 1人1枚 | E7: はがき大でもよい
A8: 家庭ゲージボード | B8: 1 | C8: 枚 | D8: 0〜80の目盛り | E8: マーカー1個を付ける
A9: 疲労トークン | B9: 20 | C9: 個 | D9: 手元に公開して置く | E9: 1人最大10個前後を想定
A10: 不満トークン | B10: 10 | C10: 個 | D10: 手元に公開して置く | E10: 1人最大4個+予備
A11: 記録シート | B11: 1 | C11: 枚/ゲーム | D11: 自由時間・思い出・信頼を記録 | E11: A5の正の字シートを想定
A13: カード合計(早見表を除く) | B13: =SUM(B2:B6) -> 44
A14: カード合計(早見表を含む) | B14: =SUM(B2:B7) -> 46
A16: カード枚数は他のシートから自動で集計されます。青字(ボード・トークン・シートの数)は手入力の案です。サイズは製作前の仮案です。

Sheet 家事イベント
A1: No | B1: カード名 | C1: 重さ | D1: フレーバーテキスト(カードの文面) | E1: 2人でやったとき 各自の疲労 | F1: 1人でやったとき 疲労 | G1: 2人とも任せたとき 家庭ゲージ
A2: E01 | B2: ゴミ出し | C2: 1 | D2: 朝8時までに出さないと、また1週間。 | E2: =ROUNDUP(C2/2,0) -> 1 | F2: =C2 -> 1 | G2: =-(C2+1) -> -2
A3: E02 | B3: 食器洗い | C3: 1 | D3: シンクに溜まる前に。 | E3: =ROUNDUP(C3/2,0) -> 1 | F3: =C3 -> 1 | G3: =-(C3+1) -> -2
A4: E03 | B4: 洗濯物たたみ | C4: 1 | D4: ソファの上の山が、今日も高い。 | E4: =ROUNDUP(C4/2,0) -> 1 | F4: =C4 -> 1 | G4: =-(C4+1) -> -2
A5: E04 | B5: お風呂掃除 | C5: 1 | D5: 湯船を洗うだけで10分。 | E5: =ROUNDUP(C5/2,0) -> 1 | F5: =C5 -> 1 | G5: =-(C5+1) -> -2
A6: E05 | B6: 連絡帳を書く | C6: 1 | D6: 体温と、朝ごはんと、機嫌。 | E6: =ROUNDUP(C6/2,0) -> 1 | F6: =C6 -> 1 | G6: =-(C6+1) -> -2
A7: E06 | B7: 保育園の持ち物準備 | C7: 1 | D7: 明日はタオルを2枚。 | E7: =ROUNDUP(C7/2,0) -> 1 | F7: =C7 -> 1 | G7: =-(C7+1) -> -2
A8: E07 | B8: 朝の着替え | C8: 1 | D8: 靴下は自分で履く、と言い張る朝。 | E8: =ROUNDUP(C8/2,0) -> 1 | F8: =C8 -> 1 | G8: =-(C8+1) -> -2
A9: E08 | B9: おもちゃの片付け | C9: 1 | D9: 踏むと痛いブロック。 | E9: =ROUNDUP(C9/2,0) -> 1 | F9: =C9 -> 1 | G9: =-(C9+1) -> -2
A10: E09 | B10: 仕上げみがき | C10: 1 | D10: 口を開けてくれない夜。 | E10: =ROUNDUP(C10/2,0) -> 1 | F10: =C10 -> 1 | G10: =-(C10+1) -> -2
A11: E10 | B11: 買い物リスト作り | C11: 1 | D11: 牛乳、卵、オムツ、あと何だっけ。 | E11: =ROUNDUP(C11/2,0) -> 1 | F11: =C11 -> 1 | G11: =-(C11+1) -> -2
A12: E11 | B12: 夕飯づくり | C12: 2 | D12: 好き嫌いと栄養のあいだで。 | E12: =ROUNDUP(C12/2,0) -> 1 | F12: =C12 -> 2 | G12: =-(C12+1) -> -3
A13: E12 | B13: 寝かしつけ | C13: 2 | D13: 「あと1冊」が3回続く。 | E13: =ROUNDUP(C13/2,0) -> 1 | F13: =C13 -> 2 | G13: =-(C13+1) -> -3
... A31: E30 | B31: 大掃除 | C31: 3 | D31: 年末の換気扇。 | E31: =ROUNDUP(C31/2,0) -> 2 | F31: =C31 -> 3 | G31: =-(C31+1) -> -4
B33: 集計
B34: 重さ1の枚数 | C34: =COUNTIF($C$2:$C$31,1) -> 10
B35: 重さ2の枚数 | C35: =COUNTIF($C$2:$C$31,2) -> 10
B36: 重さ3の枚数 | C36: =COUNTIF($C$2:$C$31,3) -> 10
B37: 合計 | C37: =SUM(C34:C36) -> 30
B38: 平均の重さ | C38: =AVERAGE($C$2:$C$31) -> 2
B40: 青字の「重さ」は調整できる入力値です。E〜G列は重さから自動計算されます。カード名と文面は案で、自由に書き換えてください。

Sheet 約束・行動カード
A1: 種類 | B1: カード名 | C1: 1人あたりの枚数 | D1: 人数 | E1: 合計枚数 | F1: カードの文面 | G1: 出したときの意味
A2: 約束カード | B2: 一緒にやる | C2: 1 | D2: 2 | E2: =C2*D2 -> 2 | F2: 「一緒にやろう」 | G2: 2人とも「一緒にやる」でやれば信頼+1。出したのに任せたら約束破り(相手の不満+2)
A3: 約束カード | B3: 私がやる | C3: 1 | D3: 2 | E3: =C3*D3 -> 2 | F3: 「いいよー、私がやる」 | G3: 相手の「あなたに頼む」と揃えば、お願い成立。出したのに任せたら約束破り
A4: 約束カード | B4: あなたに頼む | C4: 1 | D4: 2 | E4: =C4*D4 -> 2 | F4: 「ごめん、お願いしていい?」 | G4: 相手の「私がやる」と揃えば、お願い成立(信頼+2、追加で疲労2個回復)。ダウン中はこれを出す
A5: 行動カード | B5: やる | C5: 1 | D5: 2 | E5: =C5*D5 -> 2 | F5: やる | G5: この家事を担当する
A6: 行動カード | B6: 任せる | C6: 1 | D6: 2 | E6: =C6*D6 -> 2 | F6: 任せる | G6: この家事を相手に任せる
D7: 合計 | E7: =SUM(E2:E6) -> 10

Sheet 特殊カード
A1: 種類 | B1: カード名 | C1: 枚数 | D1: いつ使うか | E1: カードの文面
A2: 進行カード | B2: 思春期 | C2: 1 | D2: 山札の21枚目。公開したら脇に置き、もう1枚めくる | E2: 子どもが思春期に入った。ここから終盤。不満が4個になったら、爆発ではなく離婚になる。
A3: 進行カード | B3: 巣立ち | C3: 1 | D3: 山札の22〜32枚目のどこか。公開したらゲーム終了 | E3: 子どもが巣立った。ゲーム終了。家庭ゲージが10以上なら家族成功。
A4: 役割カード | B4: 残業 | C4: 1 | D4: ゲーム中1回。「任せる」を出したときに宣言 | E4: 今日は残業。任せても不満は付かないが、自由時間ももらえない。
A5: 役割カード | B5: 実家ヘルプ | C5: 1 | D5: ゲーム中1回。家事カードを公開したときに宣言 | E5: 実家が手伝いに来てくれた。この家事の重さを1下げる(最低1)。
A6: 補助カード | B6: 早見表 | C6: 2 | D6: 1人1枚。手元に置く | E6: ラウンドの流れと処理の早見表(ルールブックの表を印刷)
B7: 合計 | C7: =SUM(C2:C6) -> 6
A9: 役割カードは裏向きで混ぜて1枚ずつ配ります。夫役・妻役のどちらが持ってもかまいません。

Sheet 暫定パラメータ
A1: 項目 | B1: 今の値 | C1: 単位 | D1: シミュレーションでの扱い | E1: 変えるとどうなるか
A2: 家庭ゲージの初期値 | B2: 10 | D2: 共通 | E2: 下げると序盤から協力しないと崩れる
A3: 家族成功の条件(家庭ゲージ) | B3: 10 | C3: 以上 | D3: 巣立ち時点で判定
A4: 家族成功ボーナス | B4: 15 | C4: 点/人
A5: ダウンの疲労 | B5: 7 | C5: 個以上 | E5: 下げるとお願いが増え、上げると黙って協力が通用する
A6: 睡眠での回復 | B6: 1 | C6: 個/ラウンド | D6: 全員
A7: お願い成立での追加回復 | B7: 2 | C7: 個 | D7: 休んだ側
A8: 一緒にやるの信頼 | B8: 1 | C8: 点/人 | E8: 0にすると相談する夫婦としない夫婦の差がほぼ消える
A9: お願い成立の信頼 | B9: 2 | C9: 点/人 | E9: 大きくすると50:50交代が1位になる
A10: 爆発・離婚の不満 | B10: 4 | C10: 個
A11: 約束破りの不満 | B11: 2 | C11: 個 | D11: 相手に付く
A12: 離婚させた側の得点 | B12: -10 | C12: 点
A13: 終盤の開始 | B13: 21 | C13: ラウンド目 | D13: 思春期カードの位置
A14: ゲームの長さ | B14: 20 | C14: 〜30ラウンド | D14: 巣立ちカードの位置で決まる
A16: 値はシミュレーション(dilemma_c.py、信頼の加点 1/2)で採用したもので、テストプレイで調整する前提です。

Sheet シミュレーション結果
A1: 順位 | B1: 戦略 | C1: 相談・約束 | D1: 平均点 | E1: 家族成功 | F1: 共倒れ | G1: 離婚させた | H1: 離婚された | I1: 同じ戦略同士:家族成功 | J1: 同じ戦略同士:離婚 | K1: 同じ戦略同士:夫の点 | L1: 同じ戦略同士:妻の点 | M1: 同じ戦略同士:2人の合計 | N1: お願い成立/戦 | O1: ダウン/戦 | P1: 約束破り/戦
A2: 1 | B2: 思いやり | C2: あり | D2: 41.8 | E2: 0.68 | F2: 0.18 | G2: 0 | H2: 0.1 | I2: 1 | J2: 0 | K2: 84.5 | L2: 84.6 | M2: =K2+L2 -> 169.1 | N2: 3.1 | O2: 0.3 | P2: 0
A3: 2 | B3: 思いやりTFT | C3: あり | D3: 40.1 | E3: 0.66 | F3: 0.17 | G3: 0.08 | H3: 0.09 | I3: 1 | J3: 0 | K3: 82.3 | L3: 82.4 | M3: =K3+L3 -> 164.7 | N3: 3.2 | O3: 0.2 | P3: 0
A4: 3 | B4: 約束交代 | C4: あり | D4: 39.3 | E4: 0.68 | F4: 0.18 | G4: 0 | H4: 0.1 | I4: 1 | J4: 0 | K4: 65.1 | L4: 65.2 | M4: =K4+L4 -> 130.3 | N4: 25.3 | O4: 0 | P4: 0
A5: 4 | B5: 頑張りすぎ | C5: あり | D5: 37.8 | E5: 0.63 | F5: 0.2 | G5: 0 | H5: 0.09 | I5: 1 | J5: 0 | K5: 80.6 | L5: 80.6 | M5: =K5+L5 -> 161.2 | N5: 0 | O5: 2 | P5: 0
A6: 5 | B6: 甘え上手 | C6: あり | D6: 37.1 | E6: 0.63 | F6: 0.2 | G6: 0 | H6: 0.1 | I6: 1 | J6: 0 | K6: 79.8 | L6: 79.8 | M6: =K6+L6 -> 159.6 | N6: 0 | O6: 2.1 | P6: 0
A7: 6 | B7: 常に協力 | C7: なし | D7: 34.8 | E7: 0.67 | F7: 0.19 | G7: 0 | H7: 0.1 | I7: 1 | J7: 0 | K7: 56 | L7: 56 | M7: =K7+L7 -> 112 | N7: 0 | O7: 2.2 | P7: 0
A8: 7 | B8: 寛容TFT | C8: なし | D8: 34.7 | E8: 0.66 | F8: 0.19 | G8: 0.03 | H8: 0.08 | I8: 0.99 | J8: 0.01 | K8: 54.2 | L8: 54.5 | M8: =K8+L8 -> 108.7 | N8: 0 | O8: 1.9 | P8: 0
A9: 8 | B9: しっぺ返し | C9: なし | D9: 34.6 | E9: 0.64 | F9: 0.21 | G9: 0.04 | H9: 0.05 | I9: 0.98 | J9: 0 | K9: 53.9 | L9: 53.9 | M9: =K9+L9 -> 107.8 | N9: 0 | O9: 1.5 | P9: 0
A10: 9 | B10: 2回でTFT | C10: なし | D10: 34 | E10: 0.65 | F10: 0.24 | G10: 0.02 | H10: 0.07 | I10: 1 | J10: 0 | K10: 56.9 | L10: 56.9 | M10: =K10+L10 -> 113.8 | N10: 0 | O10: 2.3 | P10: 0
A11: 10 | B11: パブロフ | C11: なし | D11: 32.1 | E11: 0.57 | F11: 0.27 | G11: 0.02 | H11: 0.07 | I11: 1 | J11: 0 | K11: 56.3 | L11: 56.3 | M11: =K11+L11 -> 112.6 | N11: 0 | O11: 2.1 | P11: 0
A12: 11 | B12: グラッジャー | C12: なし | D12: 28.6 | E12: 0.53 | F12: 0.42 | G12: 0.05 | H12: 0.01 | I12: 1 | J12: 0 | K12: 54.9 | L12: 54.9 | M12: =K12+L12 -> 109.8 | N12: 0 | O12: 1.3 | P12: 0
A13: 12 | B13: 終盤裏切り | C13: なし | D13: 26.3 | E13: 0.52 | F13: 0.22 | G13: 0.19 | H13: 0.03 | I13: 1 | J13: 0 | K13: 52 | L13: 52 | M13: =K13+L13 -> 104 | N13: 0 | O13: 0.4 | P13: 0
... A22: 21 | B22: 口だけ | C22: あり | D22: 0 | E22: 0 | F22: 1 | G22: 0 | H22: 0 | I22: 0 | J22: 0 | K22: 0 | L22: 0 | M22: =K22+L22 -> 0 | N22: 0 | O22: 0 | P22: 7.8
A24: 出典: dilemma_c.py(信頼の加点 一緒にやる+1・お願い成立+2、seed 2026)。21戦略の総当たり、441組×100戦=44,100ゲーム。左側は相手を問わない総当たり成績、右側は同じ戦略同士の夫婦100戦の結果。
